{"Subbject":[{"StudentSubbject":["mazen","ali","zedan","omr"],"Subbject1":"English","TeacherSubbject":"imad"},{"StudentSubbject":["mazen","zedan"],"Subbject1":"Arabic","TeacherSubbject":"Ahmed"}],"student":[{"level":"secondary school","id":"1","Name":"mazen"},{"level":"primary school","id":"2","Name":"ali"},{"level":"middle school","id":"3","Name":"zedan"},{"level":"secondary school","id":"4","Name":"omr"}],"ID":"3","employee":[{"password":"500","liveExpensive":"300.0","Email":"root@gmail.com","Address":"gaza","Username":"root","Phone":"09999990","basicSalary":3000.0,"id":"1"},{"password":"100","liveExpensive":300.0,"Email":"imad","Address":"gaza","Username":"imad","Phone":"0988888888","basicSalary":90000.0,"id":"2"},{"password":"200","liveExpensive":300.0,"Email":"ahmed","Address":"gaza","Username":"Ahmed","Phone":"05555555","basicSalary":5000.0,"id":"3"}]}